id,nombre,telefono,email,fecha_registro
1,Felipe Cortez,5524942603,felipe.cortez@email.com,2020-02-21
2,Nancy Mejia,5546913810,nancy.mejia@email.com,2021-05-16
3,Jorge Ramirez,5528728463,jorge.ramirez@email.com,2020-07-28
4,Cristina Munoz,5583197857,cristina.munoz@email.com,2020-06-27
5,Sandra Torres,5566629388,sandra.torres@email.com,2020-03-06
6,Maria Lopez,5522575562,maria.lopez@email.com,2021-03-23
7,Jorge Ramirez,5577827638,jorge.ramirez@email.com,2023-05-17
8,Maria Lopez,5585329037,maria.lopez@email.com,2021-02-11
9,Beatriz Salazar,5597226012,beatriz.salazar@email.com,2023-12-07
10,Diego Contreras,5566306997,diego.contreras@email.com,2021-03-27
11,Pablo Soto,5589089901,pablo.soto@email.com,2021-07-23
12,Carlos Ramirez,5531429110,carlos.ramirez@email.com,2023-11-30
13,Valeria Cruz,5555667651,valeria.cruz@email.com,2021-07-23
14,Elena Morales,5538898923,elena.morales@email.com,2021-11-20
15,Miguel Torres,5522448136,miguel.torres@email.com,2022-02-17
16,Miguel Torres,5558181396,miguel.torres@email.com,2021-12-05
17,Oscar Guzman,5545503389,oscar.guzman@email.com,2020-03-29
18,Julian Castro,5571662963,julian.castro@email.com,2023-01-03
19,Sofia Diaz,5560806024,sofia.diaz@email.com,2020-06-10
20,Laura Campos,5549349722,laura.campos@email.com,2023-07-11
21,Mariana Delgado,5558537831,mariana.delgado@email.com,2023-03-28
22,Luis Aguilar,5519335534,luis.aguilar@email.com,2020-04-03
23,Raul Bravo,5540587988,raul.bravo@email.com,2021-08-15
24,Laura Hernandez,5541244663,laura.hernandez@email.com,2020-07-25
25,Alejandro Flores,5547308985,alejandro.flores@email.com,2022-07-17
26,Felipe Cortez,5558966946,felipe.cortez@email.com,2020-11-29
27,Gabriela Ramos,5557683626,gabriela.ramos@email.com,2021-03-05
28,Raul Bravo,5545833156,raul.bravo@email.com,2023-12-08
29,Cristina Munoz,5596977837,cristina.munoz@email.com,2020-05-26
30,Oscar Guzman,5595225343,oscar.guzman@email.com,2020-12-16
31,Diego Contreras,5542857966,diego.contreras@email.com,2020-11-30
32,Adriana Medina,5560929647,adriana.medina@email.com,2021-07-06
33,Felipe Cortez,5584752529,felipe.cortez@email.com,2021-03-25
34,Cristina Munoz,5553524491,cristina.munoz@email.com,2020-04-24
35,Jorge Ramirez,5514308421,jorge.ramirez@email.com,2021-10-08
36,Daniela Herrera,5545935572,daniela.herrera@email.com,2020-05-15
37,Patricia Vargas,5586125617,patricia.vargas@email.com,2024-01-10
38,Manuel Gutierrez,5538538251,manuel.gutierrez@email.com,2023-09-04
39,Claudia Silva,5563100814,claudia.silva@email.com,2023-08-09
40,Adriana Medina,5529175900,adriana.medina@email.com,2021-06-26
41,Fernando Ruiz,5543101783,fernando.ruiz@email.com,2023-02-23
42,Diego Contreras,5545264581,diego.contreras@email.com,2023-04-12
43,Valeria Cruz,5588320463,valeria.cruz@email.com,2022-03-28
44,Gabriela Ramos,5539436733,gabriela.ramos@email.com,2020-10-10
45,Andres Paredes,5576238574,andres.paredes@email.com,2020-07-05
46,Gustavo Vargas,5516323852,gustavo.vargas@email.com,2020-08-12
47,Elena Morales,5594214382,elena.morales@email.com,2020-11-23
48,Cristina Munoz,5566661351,cristina.munoz@email.com,2023-05-06
49,Pedro Martinez,5561642594,pedro.martinez@email.com,2022-02-20
50,Oscar Guzman,5572820592,oscar.guzman@email.com,2022-12-19
